team,rosterNumber,assist,steal,score,reb
 Grandpa Juice,2,1.4,0.2,1.8,1.6
 Grandpa Juice,6,4.33,2.17,10.17,6.33
 Grandpa Juice,7,2.88,1.62,11.12,2.25
 Grandpa Juice,8,3.33,3.67,11.67,5.67
 Grandpa Juice,10,0.83,0.33,12.33,6.0
 Grandpa Juice,11,2.0,0.0,2.0,1.0
 Grandpa Juice,15,3.29,0.86,12.86,4.14
 Grandpa Juice,16,0.0,0.0,1.33,1.33
 Grandpa Juice,21,0.0,1.0,8.0,3.0
 Grandpa Juice,25,2.17,1.5,3.17,7.5
 Grandpa Juice,34,2.29,1.0,13.57,8.14
 Grandpa Juice,55,0.0,1.0,2.0,1.0
 Grandpa Juice,91,3.17,0.83,16.67,8.17
 Grandpa Juice,99,1.0,1.0,5.33,8.33
BGG的贊助商是明龍汽車,1,1.29,1.0,6.14,6.57
BGG的贊助商是明龍汽車,2,0.0,0.0,0.0,2.0
BGG的贊助商是明龍汽車,3,0.56,0.62,2.62,4.06
BGG的贊助商是明龍汽車,5,0.0,0.0,0.0,1.0
BGG的贊助商是明龍汽車,7,0.0,1.0,0.0,0.0
BGG的贊助商是明龍汽車,8,1.0,1.6,1.8,3.8
BGG的贊助商是明龍汽車,9,5.0,2.17,7.67,5.83
BGG的贊助商是明龍汽車,10,2.0,0.86,3.86,4.43
BGG的贊助商是明龍汽車,11,3.5,2.0,5.5,3.12
BGG的贊助商是明龍汽車,12,1.43,0.57,5.57,4.29
BGG的贊助商是明龍汽車,17,3.0,1.5,9.0,9.0
BGG的贊助商是明龍汽車,18,0.0,1.0,0.67,3.0
BGG的贊助商是明龍汽車,23,0.0,0.0,0.0,1.0
BGG的贊助商是明龍汽車,24,3.2,1.9,12.9,5.0
BGG的贊助商是明龍汽車,28,1.2,1.4,4.7,2.0
BGG的贊助商是明龍汽車,30,1.17,0.83,9.42,9.42
BGG的贊助商是明龍汽車,40,0.0,0.0,0.0,0.0
BGG的贊助商是明龍汽車,41,1.93,1.29,15.14,9.29
BGG的贊助商是明龍汽車,88,0.33,0.0,0.0,1.33
BGG的贊助商是明龍汽車,91,1.71,1.07,9.86,2.07
BGG的贊助商是明龍汽車,98,1.0,0.0,4.0,3.0
BGG的贊助商是明龍汽車,99,1.7,1.6,9.3,10.5
Big Dix,0,2.0,1.0,5.0,5.0
Big Dix,1,2.67,1.17,12.33,8.67
Big Dix,2,0.0,0.5,2.33,4.33
Big Dix,3,3.5,1.0,7.0,12.0
Big Dix,5,1.5,1.86,2.45,4.32
Big Dix,6,1.38,1.0,3.62,3.5
Big Dix,8,1.45,1.09,5.82,4.55
Big Dix,9,1.0,3.38,5.0,9.62
Big Dix,10,0.75,0.25,4.25,4.75
Big Dix,11,2.0,0.0,24.0,11.0
Big Dix,12,3.57,2.48,22.57,5.96
Big Dix,15,2.38,2.25,13.75,4.12
Big Dix,18,1.2,0.6,5.8,6.8
Big Dix,20,0.43,0.14,4.71,1.14
Big Dix,22,3.5,1.71,14.86,9.57
Big Dix,25,1.75,1.75,7.75,6.0
Big Dix,32,2.0,6.0,9.0,14.0
Big Dix,35,0.0,0.0,5.0,1.0
Big Dix,61,1.56,1.22,10.89,4.44
Big Dix,69,2.89,1.32,12.47,9.68
Big Dix,91,0.0,0.5,1.0,4.0
DNT,0,0.5,1.0,7.0,3.0
DNT,1,1.5,0.25,3.75,2.75
DNT,5,1.67,0.67,1.33,1.67
DNT,8,0.33,0.17,4.5,3.33
DNT,10,0.0,0.0,0.67,1.67
DNT,12,2.5,0.5,20.5,8.0
DNT,14,0.4,2.0,8.6,3.6
DNT,16,0.0,1.0,5.0,4.5
DNT,18,1.67,0.67,9.33,5.0
DNT,21,1.5,1.0,6.0,6.33
DNT,24,2.67,1.33,5.33,6.67
DNT,27,1.0,0.0,0.0,2.0
DNT,30,1.33,0.33,0.67,2.0
DNT,33,1.0,2.0,3.0,0.0
DNT,41,1.0,1.4,18.4,16.0
DNT,66,1.4,0.8,3.6,1.6
Depth Bomb,0,1.0,1.0,3.0,5.0
Depth Bomb,3,2.4,1.8,13.1,4.0
Depth Bomb,4,2.11,1.33,5.33,9.78
Depth Bomb,6,1.0,0.0,0.0,0.0
Depth Bomb,7,0.5,0.5,2.0,3.5
Depth Bomb,8,0.0,0.0,1.0,3.5
Depth Bomb,10,0.5,0.8,1.9,2.7
Depth Bomb,11,0.71,1.29,5.14,2.0
Depth Bomb,12,0.0,0.0,0.0,0.0
Depth Bomb,13,1.9,1.0,1.1,1.8
Depth Bomb,21,1.4,0.8,3.6,2.4
Depth Bomb,23,1.11,1.33,8.56,5.33
Depth Bomb,24,0.67,0.44,3.11,2.89
Depth Bomb,26,0.73,1.82,9.82,3.73
Depth Bomb,31,1.0,0.0,1.0,1.0
Depth Bomb,37,1.57,1.14,7.71,7.43
Depth Bomb,39,1.0,0.0,4.0,8.0
Depth Bomb,42,1.0,0.33,0.67,2.0
Depth Bomb,88,0.2,0.2,0.8,2.0
Disney Princess,1,0.0,0.0,0.0,2.33
Disney Princess,2,2.0,1.0,7.0,4.67
Disney Princess,5,2.25,1.92,20.17,5.25
Disney Princess,9,2.38,1.5,5.12,5.0
Disney Princess,10,5.83,2.0,19.5,3.67
Disney Princess,12,0.5,0.0,0.0,2.0
Disney Princess,17,1.75,0.88,20.25,8.75
Disney Princess,30,3.92,2.08,25.62,5.92
Disney Princess,37,2.64,0.73,7.18,6.45
Disney Princess,55,1.33,1.0,8.87,13.13
Disney Princess,60,2.36,0.91,3.0,3.0
Disney Princess,66,4.0,3.0,7.0,7.0
Disney Princess,69,0.25,0.0,3.5,3.75
Disney Princess,88,0.11,0.0,0.33,1.22
Dream,1,1.25,0.92,19.33,11.42
Dream,2,1.4,1.1,9.6,6.1
Dream,4,2.25,1.42,0.83,1.67
Dream,5,4.07,2.57,8.79,5.0
Dream,6,0.44,0.89,4.22,5.67
Dream,7,2.54,1.23,13.31,3.62
Dream,8,0.17,0.0,2.67,1.67
Dream,9,0.2,1.4,2.4,4.4
Dream,10,1.0,0.5,0.0,0.5
Dream,11,1.08,0.67,6.58,2.17
Dream,12,0.12,1.0,1.88,2.0
Dream,13,2.4,1.0,5.8,1.9
Dream,14,0.56,0.11,1.44,2.33
Dream,24,1.23,1.08,9.54,4.46
Dream,25,0.43,0.29,2.0,4.0
Dream,32,1.17,1.17,4.0,2.5
Dream,33,1.0,0.4,2.4,10.8
Dream,88,1.0,0.86,8.57,8.71
Grandpa Juice,0,1.0,0.0,5.0,3.0
Grandpa Juice,2,1.04,0.4,2.08,3.16
Grandpa Juice,3,2.0,2.0,12.0,5.0
Grandpa Juice,5,4.33,2.33,13.0,4.0
Grandpa Juice,6,4.42,2.31,13.35,6.0
Grandpa Juice,7,2.33,2.17,15.17,4.83
Grandpa Juice,8,3.45,2.0,15.27,6.09
Grandpa Juice,9,2.75,2.0,19.25,6.25
Grandpa Juice,10,0.9,1.0,11.3,7.5
Grandpa Juice,11,3.0,1.6,8.1,5.0
Grandpa Juice,12,1.25,0.75,8.5,9.5
Grandpa Juice,13,1.75,0.75,8.0,7.5
Grandpa Juice,14,1.43,0.71,14.43,8.43
Grandpa Juice,15,2.43,1.71,11.38,3.67
Grandpa Juice,16,0.9,0.6,1.5,2.7
Grandpa Juice,21,0.43,0.71,2.57,3.57
Grandpa Juice,25,1.23,0.92,2.46,4.54
Grandpa Juice,34,1.5,1.12,8.5,5.62
Grandpa Juice,43,2.25,0.5,7.25,4.25
Grandpa Juice,47,2.27,1.53,6.4,4.27
Grandpa Juice,55,0.0,0.5,5.0,5.5
Grandpa Juice,91,3.0,1.33,16.0,4.33
Grandpa Juice,99,0.6,1.3,5.7,7.45
HangoverS,1,1.14,0.43,1.14,2.43
HangoverS,2,1.0,0.0,3.0,0.0
HangoverS,3,1.57,0.86,5.57,7.57
HangoverS,4,1.0,3.0,24.0,5.0
HangoverS,5,1.21,1.0,0.93,3.79
HangoverS,6,2.0,2.5,4.5,6.0
HangoverS,7,1.5,0.75,8.0,3.25
HangoverS,8,1.0,0.0,3.0,1.0
HangoverS,9,3.7,2.6,19.1,3.8
HangoverS,10,1.22,1.11,6.67,7.22
HangoverS,12,2.89,2.42,19.05,5.84
HangoverS,13,3.93,1.93,10.4,7.2
HangoverS,14,1.13,0.73,5.67,4.4
HangoverS,15,1.8,3.0,8.0,4.8
HangoverS,17,0.5,0.5,14.5,6.5
HangoverS,20,0.0,0.0,0.0,0.0
HangoverS,21,2.0,0.85,10.69,7.77
HangoverS,22,0.4,0.6,5.0,1.6
HangoverS,23,5.0,0.5,20.5,8.0
HangoverS,24,1.3,0.7,5.9,4.2
HangoverS,25,1.5,1.33,9.17,8.5
HangoverS,30,7.0,4.0,27.0,12.67
HangoverS,44,4.5,1.0,25.0,9.0
HangoverS,61,0.0,0.33,6.67,3.67
IBA Taipei,1,0.0,0.0,5.0,2.0
IBA Taipei,2,0.0,0.0,0.0,1.0
IBA Taipei,6,4.0,2.0,7.25,6.5
IBA Taipei,7,5.75,2.75,14.0,6.25
IBA Taipei,8,2.0,1.0,15.0,7.0
IBA Taipei,10,0.0,0.67,13.67,11.33
IBA Taipei,11,1.0,1.5,6.0,5.0
IBA Taipei,15,4.5,2.5,13.0,3.0
IBA Taipei,25,1.5,0.5,2.5,7.0
IBA Taipei,34,1.5,2.0,6.5,10.0
IBA Taipei,47,2.0,0.0,8.0,0.0
IBA Taipei,91,2.0,0.5,7.5,3.5
IBA Taipei,99,0.67,1.0,5.33,5.33
ITP,7,1.8,1.6,17.8,11.0
ITP,10,0.57,0.86,5.0,4.0
ITP,11,1.78,1.67,14.22,4.44
ITP,12,3.0,2.0,9.75,13.5
ITP,22,3.11,1.22,6.89,5.67
ITP,26,2.0,0.44,4.89,7.44
ITP,31,3.0,0.71,10.57,3.86
ITP,37,3.17,0.83,8.0,10.5
ITP,66,0.25,1.0,0.5,2.0
ITP,87,0.88,0.62,2.12,2.25
ITP,94,1.0,0.0,3.0,2.67
Intimepower,0,0.0,1.0,2.0,0.0
Intimepower,3,0.67,0.33,0.33,1.17
Intimepower,5,0.0,0.0,0.0,0.33
Intimepower,6,0.43,0.29,3.14,1.43
Intimepower,10,0.5,1.0,4.38,4.62
Intimepower,11,1.89,1.0,11.44,3.89
Intimepower,13,1.17,0.83,3.67,4.83
Intimepower,22,2.83,0.5,5.67,3.0
Intimepower,26,1.0,0.71,6.14,7.29
Intimepower,31,0.5,2.0,8.33,2.83
Intimepower,37,4.43,0.57,5.71,10.57
Intimepower,69,0.22,0.11,1.33,1.11
Intimepower,77,2.88,2.0,13.0,5.25
Intimepower,87,0.12,0.75,0.12,0.5
Intimepower,91,1.0,0.71,4.57,6.29
JTU,1,0.86,0.71,7.57,6.0
JTU,7,0.0,0.0,0.0,0.0
JTU,9,1.17,1.0,3.5,6.0
JTU,11,1.8,1.6,1.4,2.8
JTU,13,0.0,0.0,0.0,1.0
JTU,15,2.33,0.5,2.17,1.5
JTU,17,0.0,0.0,0.0,1.0
JTU,18,0.67,1.0,1.67,4.0
JTU,19,0.0,1.0,2.0,3.0
JTU,21,0.71,0.86,7.14,12.57
JTU,26,4.0,2.2,16.8,9.0
JTU,27,0.6,0.8,0.4,5.0
JTU,30,1.2,1.0,22.6,6.2
JTU,55,0.71,0.86,5.43,1.86
Jump man,0,1.75,1.0,13.25,7.75
Jump man,1,2.57,1.57,1.71,1.43
Jump man,7,0.2,0.4,1.2,1.4
Jump man,9,1.67,1.67,12.17,4.5
Jump man,10,0.75,1.75,6.25,1.75
Jump man,11,2.6,0.8,16.4,8.2
Jump man,12,4.0,2.33,8.33,3.0
Jump man,17,0.5,1.5,3.5,2.0
Jump man,21,1.0,0.67,3.33,7.33
Jump man,24,0.0,0.14,0.0,0.71
Jump man,25,0.0,1.0,0.0,1.0
Jump man,30,1.0,2.0,5.29,1.57
Jump man,39,0.67,0.67,0.0,1.33
Jump man,55,1.71,1.0,6.43,8.29
Krieger,4,1.67,0.67,4.0,4.67
Krieger,5,2.56,0.81,7.31,3.28
Krieger,7,0.11,0.11,0.74,1.0
Krieger,8,4.32,1.32,16.23,3.66
Krieger,9,2.58,1.12,6.24,3.15
Krieger,11,0.81,0.84,6.84,5.61
Krieger,13,0.87,0.37,1.9,2.17
Krieger,17,1.42,0.75,5.83,3.42
Krieger,20,1.91,1.0,16.17,5.17
Krieger,24,0.7,0.41,2.48,2.67
Krieger,25,2.6,1.4,6.4,3.8
Krieger,27,2.69,1.21,17.17,4.55
Krieger,33,1.21,0.68,7.63,3.74
Krieger,40,1.41,0.41,6.82,7.09
Krieger,45,1.27,0.69,4.04,6.65
Krieger,50,4.42,1.96,10.67,7.21
Krieger,84,1.36,0.36,6.0,3.43
Krieger,91,0.8,0.2,6.8,7.8
MOTION,1,0.5,1.17,1.67,2.83
MOTION,3,0.5,2.0,1.0,8.5
MOTION,4,1.5,1.17,16.33,7.17
MOTION,11,4.0,1.0,6.2,4.8
MOTION,15,0.0,0.0,0.0,0.0
MOTION,19,0.5,0.33,2.67,6.67
MOTION,21,0.57,1.57,5.86,8.0
MOTION,30,1.57,2.14,15.43,7.43
MOTION,31,1.0,2.0,3.0,5.33
MOTION,32,1.25,0.0,4.5,3.5
MOTION,34,1.0,0.0,1.2,2.2
MOTION,43,0.5,0.0,6.5,15.0
Man on Fire ,1,1.71,1.86,10.86,7.43
Man on Fire ,5,2.0,0.57,2.29,2.57
Man on Fire ,6,2.67,1.17,3.67,3.5
Man on Fire ,7,4.0,0.2,6.6,4.6
Man on Fire ,9,1.17,1.0,5.67,4.33
Man on Fire ,11,1.17,1.5,16.5,3.5
Man on Fire ,12,2.0,2.0,2.0,3.0
Man on Fire ,15,0.8,0.4,2.0,4.0
Man on Fire ,21,3.33,1.33,17.0,3.67
Man on Fire ,33,1.43,0.71,14.86,8.29
Man on Fire ,42,0.67,0.0,4.0,2.0
Man on Fire ,47,0.71,0.43,2.57,6.57
NET HOOPS,0,1.33,2.17,4.67,4.17
NET HOOPS,1,0.6,0.0,2.4,7.8
NET HOOPS,2,2.17,0.83,9.33,6.67
NET HOOPS,8,1.2,0.6,6.6,2.8
NET HOOPS,9,0.56,0.56,1.44,2.67
NET HOOPS,10,5.78,1.56,11.22,3.89
NET HOOPS,11,1.8,0.6,3.6,2.2
NET HOOPS,13,3.11,2.0,13.56,17.0
NET HOOPS,17,0.44,0.67,1.44,1.33
NET HOOPS,19,1.0,1.0,7.38,7.88
NET HOOPS,35,1.0,1.17,11.0,1.33
NET HOOPS,38,0.5,2.0,30.0,5.5
NET HOOPS,61,1.0,0.0,3.0,10.0
NET HOOPS,91,0.4,0.0,6.2,5.0
NETHOOPS,0,1.0,1.43,4.71,6.29
NETHOOPS,1,0.33,0.83,1.83,5.33
NETHOOPS,2,1.0,1.2,8.2,6.2
NETHOOPS,8,2.0,0.43,4.86,1.71
NETHOOPS,9,0.57,0.14,0.86,1.71
NETHOOPS,10,3.0,2.5,10.17,3.67
NETHOOPS,11,0.0,0.75,3.75,2.5
NETHOOPS,13,2.0,1.17,11.33,15.0
NETHOOPS,17,0.6,0.6,0.8,1.4
NETHOOPS,19,1.0,0.75,1.5,6.25
NETHOOPS,35,1.17,1.67,5.83,3.67
NETHOOPS,91,1.0,0.33,7.67,9.0
NO COACH,0,1.4,1.4,1.4,4.4
NO COACH,1,2.5,1.5,3.25,3.25
NO COACH,2,1.0,1.0,3.33,2.0
NO COACH,3,0.25,0.0,1.0,0.0
NO COACH,4,2.0,1.8,9.2,4.6
NO COACH,5,0.67,0.0,4.0,1.33
NO COACH,6,0.0,0.83,1.67,1.33
NO COACH,7,0.57,0.57,3.29,4.71
NO COACH,8,0.0,0.17,1.33,2.0
NO COACH,9,1.57,1.57,6.14,3.29
NO COACH,10,1.5,3.33,10.17,6.17
NO COACH,11,0.33,0.0,0.67,3.0
NO COACH,12,1.67,1.67,6.33,3.33
NO COACH,21,0.33,0.5,5.83,2.0
NO COACH,24,0.0,0.0,2.0,1.0
NO COACH,25,0.8,1.2,2.8,4.2
NT MADE,0,0.0,0.0,2.75,5.0
NT MADE,1,0.33,1.0,4.33,3.67
NT MADE,2,2.0,0.0,0.0,2.0
NT MADE,4,1.0,0.0,0.0,1.0
NT MADE,7,0.0,0.0,0.0,0.0
NT MADE,8,0.0,0.0,1.0,1.0
NT MADE,9,0.0,2.0,0.0,0.0
NT MADE,10,0.0,0.0,2.0,1.0
NT MADE,13,1.25,3.75,11.25,8.75
NT MADE,14,0.0,1.33,7.67,6.67
NT MADE,17,2.5,0.5,14.0,4.5
NT MADE,20,0.0,0.0,0.0,3.0
NT MADE,21,0.67,2.0,7.0,4.0
NT MADE,24,2.5,2.0,12.0,5.0
NT MADE,33,3.0,2.67,6.67,5.33
NT MADE,73,1.0,0.5,7.5,1.0
PENRITE 更好的機油,0,1.55,1.09,7.91,6.36
PENRITE 更好的機油,1,1.9,1.64,11.74,6.97
PENRITE 更好的機油,3,2.58,1.05,4.16,4.47
PENRITE 更好的機油,4,2.0,1.0,3.8,4.8
PENRITE 更好的機油,6,2.77,0.62,6.27,3.58
PENRITE 更好的機油,7,1.2,0.6,3.6,3.0
PENRITE 更好的機油,8,3.91,2.04,12.7,6.04
PENRITE 更好的機油,9,1.5,1.0,3.5,4.33
PENRITE 更好的機油,10,4.0,3.0,15.33,8.0
PENRITE 更好的機油,11,2.5,2.17,13.0,5.5
PENRITE 更好的機油,15,3.92,1.23,8.38,5.08
PENRITE 更好的機油,16,0.5,1.0,4.62,3.62
PENRITE 更好的機油,17,2.11,1.21,7.47,8.11
PENRITE 更好的機油,21,1.33,1.29,7.71,5.33
PENRITE 更好的機油,23,1.73,1.07,13.4,8.73
PENRITE 更好的機油,31,2.25,1.25,17.0,12.25
PENRITE 更好的機油,33,2.67,3.33,23.33,9.33
PENRITE 更好的機油,35,1.7,0.8,5.2,7.2
PENRITE 更好的機油,49,3.67,1.83,10.0,4.0
PENRITE 更好的機油,77,1.84,1.23,9.45,6.29
PENRITE 更好的機油,99,1.0,0.0,0.0,5.0
PandaFox,1,2.0,3.0,5.0,7.0
PandaFox,2,1.33,1.67,13.33,6.0
PandaFox,4,3.75,2.0,4.0,2.5
PandaFox,5,0.83,1.17,3.33,3.5
PandaFox,6,2.5,1.67,8.17,2.17
PandaFox,8,1.5,1.25,3.88,2.38
PandaFox,10,3.8,1.4,6.9,7.0
PandaFox,11,2.5,1.44,18.81,3.31
PandaFox,12,1.17,1.33,9.5,6.17
PandaFox,14,4.0,2.22,6.11,10.78
PandaFox,15,2.0,1.86,9.0,3.29
PandaFox,17,1.5,0.75,11.25,6.0
PandaFox,21,1.93,1.6,8.07,6.87
PandaFox,22,1.85,2.46,12.38,4.85
PandaFox,24,1.2,0.6,1.4,3.8
PandaFox,30,2.17,1.5,5.17,1.83
PandaFox,31,2.17,1.0,8.67,5.5
PandaFox,41,2.0,1.4,8.6,4.4
PandaFox,96,5.12,2.5,9.62,4.5
P力貓,2,2.5,1.0,23.5,2.0
P力貓,3,0.0,1.0,11.0,9.0
P力貓,4,2.5,1.0,10.5,10.0
P力貓,6,0.0,1.0,2.0,2.0
P力貓,7,2.29,2.71,14.29,4.86
P力貓,9,2.25,0.0,11.75,3.25
P力貓,11,0.4,1.0,10.6,7.0
P力貓,13,1.29,0.71,8.86,2.86
P力貓,14,1.67,0.67,6.67,3.0
P力貓,15,1.2,0.0,8.4,3.0
P力貓,19,1.67,0.67,8.67,10.67
P力貓,20,0.6,0.2,1.4,5.8
P力貓,21,1.25,0.75,5.75,2.75
P力貓,22,0.33,0.67,4.33,3.33
P力貓,23,0.8,0.4,7.2,5.4
P力貓,31,4.83,1.0,5.5,4.33
P力貓,91,2.5,1.0,2.25,7.25
RU Coffee,1,0.0,0.0,1.0,1.0
RU Coffee,2,5.0,0.0,0.5,3.0
RU Coffee,3,2.0,2.0,5.0,6.5
RU Coffee,8,1.33,1.0,6.83,5.0
RU Coffee,9,0.71,2.0,22.43,2.71
RU Coffee,10,1.2,0.8,4.2,2.4
RU Coffee,11,1.2,1.4,5.4,13.0
RU Coffee,12,2.71,2.0,13.29,9.71
RU Coffee,14,2.0,0.2,1.2,2.4
RU Coffee,16,1.0,0.5,0.0,2.0
RU Coffee,17,1.0,0.67,5.67,1.67
RU Coffee,18,2.0,1.0,0.0,0.0
RU Coffee,24,1.33,1.33,2.67,1.33
RU Coffee,55,2.17,1.0,5.83,3.83
RU Coffee,81,1.5,1.0,4.0,4.25
RU Coffee,84,1.0,1.67,9.0,5.67
SLAMPROS,4,3.0,0.5,2.0,4.0
SLAMPROS,6,1.5,0.75,9.5,8.75
SLAMPROS,7,4.75,2.5,24.75,5.75
SLAMPROS,8,1.25,0.25,2.75,4.75
SLAMPROS,12,1.0,1.0,9.0,5.0
SLAMPROS,18,0.0,1.0,3.0,1.0
SLAMPROS,21,3.0,3.0,2.0,9.0
SLAMPROS,22,0.75,0.25,10.0,7.5
SLAMPROS,23,0.0,0.0,0.0,2.0
SLAMPROS,25,0.0,0.0,5.0,0.0
SLAMPROS,27,2.33,2.33,10.67,10.33
SLAMPROS,46,2.33,3.0,17.33,3.67
STONE,1,1.0,1.0,4.38,6.12
STONE,3,1.0,0.8,11.4,5.5
STONE,6,0.56,0.22,7.0,6.33
STONE,7,2.14,1.29,6.71,12.71
STONE,8,0.62,0.38,1.62,3.38
STONE,9,3.46,1.92,8.31,4.38
STONE,10,0.0,0.33,3.5,4.0
STONE,12,2.83,1.5,7.67,3.25
STONE,17,0.0,1.0,2.0,4.5
STONE,20,1.0,0.77,13.69,3.31
STONE,23,1.0,2.4,7.2,5.8
STONE,24,1.83,1.17,6.58,2.25
STONE,28,0.5,0.5,1.5,1.5
STONE,43,1.0,1.2,14.8,17.8
STONE,46,2.25,1.88,9.25,3.88
STONE,93,1.4,1.0,9.6,5.0
Slampros,6,1.2,0.4,7.0,8.6
Slampros,7,3.8,1.4,24.4,4.2
Slampros,8,1.29,1.14,4.14,6.71
Slampros,16,1.5,1.5,9.25,9.25
Slampros,17,0.0,2.0,6.0,0.0
Slampros,21,5.0,1.17,5.83,7.83
Slampros,22,1.0,0.67,8.0,7.5
Slampros,23,0.67,0.5,1.83,1.33
Slampros,25,2.0,2.0,16.0,6.33
Slampros,46,3.67,2.5,19.83,9.33
TESLA TAIWAN,2,3.5,3.0,7.5,7.0
TESLA TAIWAN,3,1.0,0.0,0.0,1.0
TESLA TAIWAN,5,2.5,2.5,8.0,1.0
TESLA TAIWAN,7,0.8,0.8,12.8,8.2
TESLA TAIWAN,8,0.0,1.0,11.0,7.0
TESLA TAIWAN,9,5.0,0.0,10.0,8.0
TESLA TAIWAN,10,3.0,2.33,7.33,7.67
TESLA TAIWAN,11,0.67,0.5,6.67,5.83
TESLA TAIWAN,19,0.0,0.0,0.0,2.0
TESLA TAIWAN,22,0.0,0.0,0.0,3.5
TESLA TAIWAN,24,1.0,0.0,10.5,6.0
TESLA TAIWAN,46,0.5,0.5,0.83,4.33
TESLA TAIWAN,74,1.67,0.33,6.67,10.0
Team Big Ben,0,5.0,0.0,0.0,3.0
Team Big Ben,1,2.0,1.0,11.0,1.0
Team Big Ben,3,1.0,0.29,3.57,2.71
Team Big Ben,4,3.67,1.92,11.92,4.25
Team Big Ben,9,2.38,0.12,4.25,2.62
Team Big Ben,15,2.4,1.7,16.9,6.8
Team Big Ben,17,3.2,2.4,23.6,11.4
Team Big Ben,19,2.0,2.38,9.75,8.38
Team Big Ben,27,1.29,0.43,5.71,9.29
Team Big Ben,31,0.0,0.0,0.0,2.0
Team Big Ben,33,1.62,0.5,8.75,8.12
Team Big Ben,34,0.62,0.38,2.75,4.38
Team Big Ben,88,3.2,2.0,6.8,5.2
Team Big Ben ,0,3.3,2.7,19.0,4.6
Team Big Ben ,1,2.0,1.0,5.75,1.75
Team Big Ben ,4,4.14,1.36,8.57,4.07
Team Big Ben ,12,1.5,0.5,11.0,2.0
Team Big Ben ,13,1.5,0.33,0.67,1.0
Team Big Ben ,15,2.07,1.87,13.13,7.6
Team Big Ben ,17,1.0,1.43,13.43,8.86
Team Big Ben ,18,1.67,1.67,13.0,10.67
Team Big Ben ,19,1.1,2.1,6.9,6.8
Team Big Ben ,21,0.0,0.33,8.17,4.17
Team Big Ben ,30,2.83,1.67,7.83,5.0
Team Big Ben ,33,0.71,0.57,9.0,8.71
Team Big Ben ,34,1.0,0.77,3.54,3.85
Team Big Ben ,88,1.64,1.0,6.43,3.43
Terminators,0,1.67,0.33,16.33,9.33
Terminators,2,6.0,3.0,6.0,6.0
Terminators,3,0.0,0.0,0.0,3.0
Terminators,5,3.0,2.6,18.2,6.2
Terminators,6,0.0,0.0,0.0,2.0
Terminators,7,1.0,0.0,4.0,1.0
Terminators,8,2.67,2.33,10.33,4.0
Terminators,10,1.6,0.6,2.8,5.0
Terminators,11,0.33,0.0,3.0,2.0
Terminators,12,0.75,1.25,7.0,2.75
Terminators,13,0.0,0.5,0.0,2.0
Terminators,14,0.33,2.0,6.0,5.67
Terminators,15,0.0,0.33,8.0,4.33
Terminators,20,1.0,0.67,6.0,2.33
Terminators,21,3.0,1.0,5.0,8.0
Terminators,24,1.5,1.5,5.0,3.5
Terminators,33,0.33,0.67,2.67,3.33
Terminators,34,0.0,2.0,14.0,1.0
Terminators,91,9.0,3.33,14.33,8.67
ThirtyClub,0,0.2,0.0,1.0,1.2
ThirtyClub,2,4.0,1.17,19.5,3.5
ThirtyClub,3,1.0,0.0,1.2,1.8
ThirtyClub,6,1.33,0.33,5.0,2.0
ThirtyClub,7,0.0,0.0,0.0,1.5
ThirtyClub,8,0.25,0.75,3.75,1.25
ThirtyClub,9,1.2,1.6,5.8,2.4
ThirtyClub,10,0.0,0.0,1.33,2.67
ThirtyClub,12,3.0,0.0,0.0,1.0
ThirtyClub,13,0.33,0.33,1.67,2.0
ThirtyClub,14,0.25,0.5,1.0,3.5
ThirtyClub,15,0.0,1.0,1.0,1.0
ThirtyClub,17,0.33,2.0,4.0,6.0
ThirtyClub,18,2.2,0.4,7.2,7.8
ThirtyClub,20,0.4,0.4,2.2,3.4
ThirtyClub,24,1.57,1.43,6.0,9.71
ThirtyClub,27,0.25,0.25,1.0,4.0
ThirtyClub,33,1.25,0.75,12.75,11.5
Top巔峰,1,0.5,1.5,1.5,2.0
Top巔峰,2,0.14,0.14,0.86,0.57
Top巔峰,5,2.33,0.67,4.0,2.5
Top巔峰,7,0.25,0.75,4.75,4.25
Top巔峰,10,0.43,0.29,2.29,1.29
Top巔峰,11,0.0,0.5,2.0,0.0
Top巔峰,14,0.33,0.33,0.67,2.67
Top巔峰,16,1.86,0.71,3.57,4.71
Top巔峰,19,3.75,1.25,16.25,15.25
Top巔峰,26,2.29,1.43,11.14,12.86
Top巔峰,27,2.0,0.0,9.75,6.75
Top巔峰,41,1.0,0.29,4.29,0.71
Top巔峰,55,0.25,0.5,3.0,1.25
Tough Guys,0,4.0,0.88,3.88,6.62
Tough Guys,1,3.29,1.0,9.14,8.0
Tough Guys,2,0.0,0.0,3.0,2.0
Tough Guys,3,3.0,1.0,2.0,4.0
Tough Guys,4,1.0,0.0,0.0,6.0
Tough Guys,6,6.0,0.75,9.25,5.5
Tough Guys,7,2.64,1.14,18.5,4.73
Tough Guys,8,3.2,1.2,9.4,4.53
Tough Guys,9,6.38,2.38,9.12,3.94
Tough Guys,10,1.43,0.48,7.95,8.19
Tough Guys,11,4.33,1.33,10.11,6.67
Tough Guys,12,0.47,0.58,8.16,5.79
Tough Guys,14,0.83,0.33,5.83,2.0
Tough Guys,15,1.0,0.53,9.0,8.0
Tough Guys,18,0.0,2.0,2.0,5.0
Tough Guys,21,2.0,0.0,2.0,3.0
Tough Guys,23,2.0,1.0,10.0,3.0
Tough Guys,24,1.0,0.82,7.0,3.0
Tough Guys,57,0.71,0.5,4.43,4.64
Tough Guys,91,5.62,1.0,5.92,3.69
UNCLE,3,2.46,2.31,11.69,3.54
UNCLE,4,0.09,0.36,3.18,2.36
UNCLE,6,0.0,0.5,1.0,2.5
UNCLE,9,3.0,2.0,5.0,4.33
UNCLE,11,0.0,0.0,2.0,1.0
UNCLE,12,2.82,1.45,8.91,3.82
UNCLE,14,1.4,2.4,10.0,8.4
UNCLE,22,1.0,1.0,35.0,9.0
UNCLE,23,1.0,2.0,5.0,4.0
UNCLE,26,2.83,1.5,19.83,8.67
UNCLE,29,0.0,0.0,0.0,0.0
UNCLE,33,2.42,1.67,13.75,9.75
UNCLE,34,5.0,2.0,0.0,0.0
UNCLE,66,2.73,2.0,7.36,6.91
UNCLE,73,0.33,0.0,0.0,3.33
UNCLE,76,1.3,0.7,1.8,1.7
UNCLE,77,1.4,1.8,5.0,6.0
UNCLE,93,0.8,0.4,7.4,4.4
United,0,3.35,1.65,6.41,3.12
United,1,3.85,3.12,7.27,4.36
United,2,0.25,0.25,3.25,1.25
United,3,1.0,0.44,1.33,1.56
United,4,0.67,3.0,7.0,2.33
United,5,0.94,0.41,5.18,5.53
United,6,1.0,0.6,7.6,8.4
United,7,1.37,0.95,4.63,1.26
United,9,0.9,0.73,7.3,6.77
United,10,1.44,1.24,9.62,7.15
United,11,1.1,1.6,4.0,4.1
United,13,3.0,1.0,15.0,7.0
United,14,0.0,1.0,0.0,0.0
United,15,2.79,2.86,18.5,3.29
United,16,0.5,0.25,1.5,0.5
United,19,1.12,0.66,4.59,3.44
United,20,1.32,1.68,9.0,7.42
United,21,0.85,0.37,1.93,3.22
United,22,2.33,0.75,8.58,2.67
United,26,0.61,0.3,0.91,0.96
United,27,1.0,1.0,18.0,11.0
United,28,2.33,1.5,3.25,4.92
United,36,0.5,1.0,5.0,3.0
United,41,1.0,0.5,8.75,6.25
camel toe,2,1.2,1.8,5.4,5.8
camel toe,3,0.0,0.33,1.67,2.0
camel toe,4,2.2,2.2,3.4,3.8
camel toe,5,0.8,1.4,12.8,7.8
camel toe,9,0.33,0.67,0.0,1.67
camel toe,11,1.6,1.4,16.0,2.0
camel toe,12,0.0,1.0,1.5,1.5
camel toe,13,0.0,0.0,1.5,2.5
camel toe,17,1.0,0.8,3.8,7.4
camel toe,20,0.33,0.67,6.0,4.33
camel toe,23,0.25,0.5,2.5,2.25
camel toe,25,1.25,1.25,3.0,4.0
camel toe,27,0.8,1.2,2.4,3.0
camel toe,30,0.5,0.75,5.5,3.75
camel toe,35,0.0,1.0,2.0,2.0
net hoops,0,1.75,2.75,2.5,5.0
net hoops,1,1.2,0.0,5.0,4.2
net hoops,2,1.86,1.71,6.43,7.0
net hoops,8,2.17,0.67,4.0,2.17
net hoops,9,0.57,0.43,1.43,1.29
net hoops,10,5.0,2.0,15.0,8.25
net hoops,11,2.75,0.25,3.25,1.25
net hoops,13,2.33,2.17,11.33,12.83
net hoops,17,1.0,0.0,1.0,1.75
net hoops,19,0.57,0.43,3.57,5.43
net hoops,35,1.71,1.57,15.57,3.71
net hoops,91,0.67,0.33,5.67,4.33
七號盒子攝影棚,0,2.08,1.83,13.67,9.5
七號盒子攝影棚,1,1.64,1.08,9.08,5.08
七號盒子攝影棚,2,1.91,1.0,7.82,2.64
七號盒子攝影棚,3,2.06,1.0,4.24,3.88
七號盒子攝影棚,5,2.3,0.95,2.35,3.2
七號盒子攝影棚,6,2.48,1.48,10.86,10.29
七號盒子攝影棚,7,2.77,1.38,36.03,4.36
七號盒子攝影棚,8,1.65,1.41,5.53,5.29
七號盒子攝影棚,9,1.38,1.1,5.33,8.0
七號盒子攝影棚,10,0.41,0.59,3.02,6.84
七號盒子攝影棚,11,1.89,1.17,5.5,5.06
七號盒子攝影棚,12,0.58,0.31,0.58,3.5
七號盒子攝影棚,13,1.65,1.77,11.73,6.38
七號盒子攝影棚,14,3.0,0.67,2.0,4.5
七號盒子攝影棚,19,0.64,0.29,6.14,7.5
七號盒子攝影棚,23,1.52,2.0,5.76,7.24
七號盒子攝影棚,24,0.92,1.08,7.18,5.03
七號盒子攝影棚,51,0.83,0.17,2.69,3.55
七號盒子攝影棚,69,2.89,1.56,9.78,7.78
七號盒子攝影棚,87,2.5,3.0,12.5,2.5
七號盒子攝影棚,91,1.0,0.0,7.0,4.0
中興,0,1.38,1.5,24.12,12.62
中興,2,2.06,2.28,16.83,9.39
中興,3,2.67,1.56,3.11,2.33
中興,5,4.58,2.67,9.08,2.92
中興,7,1.17,0.67,4.67,3.17
中興,9,0.93,0.5,2.86,1.36
中興,10,0.67,0.83,2.08,4.17
中興,11,0.75,1.25,4.0,5.5
中興,12,0.71,0.43,2.36,0.71
中興,18,1.07,0.43,3.93,5.36
中興,20,0.63,0.63,2.68,2.74
中興,24,0.4,0.6,4.4,2.8
中興,26,2.56,1.19,14.0,7.12
中興,30,1.6,2.0,9.2,1.6
中興,32,1.45,1.09,13.82,3.55
中興,35,1.75,1.38,4.5,4.5
中興,43,1.36,1.55,11.36,9.82
中興,77,1.75,1.25,8.5,7.25
中興,81,1.92,1.92,13.15,3.92
中興,97,0.87,0.27,3.73,4.07
中興,99,3.04,1.52,3.4,3.48
人狼咧,0,0.0,0.33,2.0,3.33
人狼咧,1,4.0,2.0,5.0,5.0
人狼咧,2,3.0,1.0,25.33,4.67
人狼咧,4,1.59,0.41,2.24,2.06
人狼咧,5,0.92,1.5,2.62,4.33
人狼咧,9,1.54,0.92,2.46,1.31
人狼咧,10,2.86,1.45,14.0,13.45
人狼咧,11,0.33,0.33,1.0,0.83
人狼咧,13,0.57,0.43,0.86,0.86
人狼咧,14,0.33,0.67,4.0,3.17
人狼咧,15,2.19,1.71,11.67,8.0
人狼咧,16,2.25,1.67,12.25,8.83
人狼咧,17,2.14,2.71,13.14,7.57
人狼咧,21,0.67,0.0,2.0,2.17
人狼咧,23,2.7,0.6,4.3,6.2
人狼咧,27,0.6,0.4,3.0,0.7
人狼咧,29,0.57,0.57,5.57,2.43
人狼咧,30,0.0,3.0,29.0,3.0
人狼咧,31,1.42,0.74,4.74,4.68
人狼咧,33,0.5,0.5,2.25,2.5
人狼咧,35,3.14,1.07,23.64,3.71
人狼咧,39,0.0,0.22,0.89,0.89
人狼咧,41,1.11,0.78,8.11,5.67
人狼咧,43,0.0,0.0,0.0,11.0
人狼咧,55,1.3,0.87,3.78,1.87
人狼咧,69,0.0,0.0,2.67,0.83
元味捷醒,0,0.33,0.67,2.83,3.67
元味捷醒,1,4.0,1.33,4.0,3.33
元味捷醒,2,0.0,0.0,1.33,0.67
元味捷醒,6,0.2,1.2,3.2,4.6
元味捷醒,7,0.25,0.25,0.5,2.0
元味捷醒,9,0.2,0.2,1.2,1.6
元味捷醒,11,3.0,2.5,6.0,3.75
元味捷醒,12,1.33,2.5,17.5,4.0
元味捷醒,13,1.33,0.5,1.0,1.0
元味捷醒,15,1.67,1.17,9.17,9.67
元味捷醒,17,0.0,0.0,0.4,0.0
元味捷醒,19,0.33,0.33,1.67,1.67
元味捷醒,22,0.0,1.0,2.0,3.0
元味捷醒,24,1.0,0.0,0.0,0.0
元味捷醒,35,0.0,0.67,0.83,0.33
元味捷醒,66,0.2,0.6,7.2,2.8
劍潭聯,1,1.5,0.6,7.0,8.2
劍潭聯,2,1.33,1.0,2.0,3.67
劍潭聯,6,0.0,0.0,0.0,0.0
劍潭聯,7,2.0,1.14,16.71,3.43
劍潭聯,9,0.7,0.9,5.5,6.2
劍潭聯,11,2.88,1.75,2.38,2.62
劍潭聯,12,0.25,0.25,3.25,3.75
劍潭聯,13,1.25,1.5,14.75,4.25
劍潭聯,15,2.36,1.73,8.09,3.18
劍潭聯,17,0.5,1.0,2.0,3.5
劍潭聯,18,0.5,0.5,2.0,4.0
劍潭聯,19,0.9,0.5,2.9,4.5
劍潭聯,21,0.5,1.17,5.83,9.33
劍潭聯,22,1.75,0.0,3.0,0.75
劍潭聯,26,4.62,1.38,19.38,10.0
劍潭聯,27,0.22,0.33,1.33,4.67
劍潭聯,30,2.0,1.38,19.0,6.5
劍潭聯,52,0.0,0.5,0.5,2.25
劍潭聯,55,0.58,0.5,3.67,1.58
咕嚕咕嚕牛肉麵,0,3.0,2.0,20.0,2.0
咕嚕咕嚕牛肉麵,2,2.52,1.0,23.78,3.52
咕嚕咕嚕牛肉麵,3,1.33,1.5,8.17,2.58
咕嚕咕嚕牛肉麵,5,2.3,1.5,8.7,3.2
咕嚕咕嚕牛肉麵,7,1.08,0.62,4.85,7.38
咕嚕咕嚕牛肉麵,9,5.22,1.66,7.66,3.91
咕嚕咕嚕牛肉麵,10,2.0,1.07,9.03,8.79
咕嚕咕嚕牛肉麵,11,1.18,1.27,3.14,5.91
咕嚕咕嚕牛肉麵,12,0.67,1.83,3.17,4.33
咕嚕咕嚕牛肉麵,15,1.23,1.53,6.57,4.8
咕嚕咕嚕牛肉麵,18,0.86,0.5,4.41,5.55
咕嚕咕嚕牛肉麵,19,0.75,0.25,2.75,4.25
咕嚕咕嚕牛肉麵,24,1.5,2.17,18.83,8.67
咕嚕咕嚕牛肉麵,31,1.12,1.04,4.12,3.31
咕嚕咕嚕牛肉麵,41,1.0,1.45,8.27,8.73
咕嚕咕嚕牛肉麵,43,0.12,0.38,2.88,6.62
咕嚕咕嚕牛肉麵,54,1.0,1.56,10.33,9.89
咕嚕咕嚕牛肉麵,55,1.08,0.62,1.38,1.62
咕嚕咕嚕牛肉麵,66,0.43,0.71,3.0,4.29
咕嚕咕嚕牛肉麵,77,3.1,2.0,12.6,3.9
咕嚕咕嚕牛肉麵,88,0.33,1.67,20.0,6.0
咕嚕咕嚕牛肉麵,99,1.12,1.12,2.25,4.62
大坡池渡假會館 ,0,2.42,3.5,19.33,6.17
大坡池渡假會館 ,1,0.33,0.0,1.67,4.67
大坡池渡假會館 ,2,0.75,0.9,5.45,4.25
大坡池渡假會館 ,3,0.6,0.0,0.0,0.2
大坡池渡假會館 ,4,0.75,0.25,8.75,1.75
大坡池渡假會館 ,5,0.4,1.0,2.8,1.8
大坡池渡假會館 ,6,1.42,1.48,9.38,6.95
大坡池渡假會館 ,7,1.88,0.7,2.6,2.33
大坡池渡假會館 ,8,1.5,1.4,6.6,1.5
大坡池渡假會館 ,9,0.25,1.5,8.75,3.88
大坡池渡假會館 ,10,1.73,1.7,12.2,6.83
大坡池渡假會館 ,11,1.0,0.47,2.94,1.47
大坡池渡假會館 ,12,0.35,1.18,9.53,5.06
大坡池渡假會館 ,13,0.52,0.72,2.97,4.45
大坡池渡假會館 ,15,1.23,1.23,14.0,8.94
大坡池渡假會館 ,17,0.37,0.26,1.05,0.97
大坡池渡假會館 ,19,1.53,0.66,5.82,8.42
大坡池渡假會館 ,20,4.67,2.11,8.89,6.56
大坡池渡假會館 ,25,0.33,0.67,3.67,2.67
大坡池渡假會館 ,27,0.81,1.26,4.67,2.33
大坡池渡假會館 ,32,0.36,0.55,3.09,5.27
大坡池渡假會館 ,33,1.0,0.59,2.71,1.82
大坡池渡假會館 ,35,0.0,0.0,0.0,0.0
大坡池渡假會館 ,41,0.3,0.7,5.4,6.5
大坡池渡假會館 ,55,0.67,1.33,3.33,4.33
大坡池渡假會館 ,66,0.18,0.41,4.53,7.18
大坡池渡假會館 ,69,4.27,2.58,8.38,4.88
大坡池渡假會館 ,88,0.5,1.25,4.0,4.0
宇揚廚具,0,1.33,1.0,7.0,2.0
宇揚廚具,1,1.19,0.59,9.06,8.03
宇揚廚具,2,1.38,0.81,7.24,8.48
宇揚廚具,3,0.88,1.12,8.88,2.75
宇揚廚具,4,1.0,0.4,5.2,7.0
宇揚廚具,5,1.08,0.92,8.23,6.62
宇揚廚具,6,1.5,1.25,4.25,1.75
宇揚廚具,7,4.42,1.17,10.04,3.17
宇揚廚具,8,1.67,0.67,7.67,5.0
宇揚廚具,9,1.33,1.83,8.33,4.17
宇揚廚具,10,3.58,1.62,16.89,3.24
宇揚廚具,11,0.0,1.0,2.0,7.0
宇揚廚具,12,0.92,0.5,2.62,2.73
宇揚廚具,13,1.0,0.0,6.0,3.0
宇揚廚具,14,1.0,1.0,3.6,6.4
宇揚廚具,15,0.9,0.75,6.0,5.25
宇揚廚具,16,0.96,0.79,4.71,4.29
宇揚廚具,17,1.0,0.0,2.75,0.5
宇揚廚具,19,1.75,0.65,7.0,6.55
宇揚廚具,21,1.1,0.86,6.95,4.52
宇揚廚具,22,1.31,1.0,2.69,1.81
宇揚廚具,23,1.33,1.33,3.33,4.0
宇揚廚具,24,0.94,0.59,5.88,5.59
宇揚廚具,29,2.5,1.21,7.5,5.07
宇揚廚具,30,2.0,1.5,5.0,2.5
宇揚廚具,32,2.85,1.07,6.81,4.74
宇揚廚具,33,2.57,2.5,9.43,4.5
宇揚廚具,35,1.67,0.4,7.27,5.93
宇揚廚具,36,1.41,0.72,6.31,5.59
宇揚廚具,55,4.0,5.0,12.0,1.0
宇揚廚具,66,0.73,0.47,9.0,2.07
尚新工程,0,3.08,1.65,10.51,5.54
尚新工程,1,1.33,0.0,3.33,1.67
尚新工程,2,2.0,0.0,5.33,4.0
尚新工程,3,2.8,2.5,9.97,4.93
尚新工程,4,3.46,1.66,7.51,2.91
尚新工程,5,1.0,0.33,1.33,0.67
尚新工程,6,4.21,3.42,11.58,3.73
尚新工程,7,0.53,0.81,2.56,3.25
尚新工程,9,0.96,0.78,7.43,2.3
尚新工程,10,2.0,1.67,8.67,3.0
尚新工程,11,0.0,0.12,0.25,0.75
尚新工程,12,0.55,0.75,4.35,3.85
尚新工程,14,0.91,0.57,3.22,1.74
尚新工程,15,1.36,0.8,4.6,4.8
尚新工程,16,1.31,1.25,6.81,5.39
尚新工程,17,3.38,2.06,5.38,5.75
尚新工程,18,0.0,0.0,1.0,0.0
尚新工程,23,1.0,0.0,1.0,8.0
尚新工程,26,1.73,1.73,10.9,7.03
尚新工程,27,0.33,0.21,0.38,1.72
尚新工程,30,1.5,1.0,4.63,2.8
尚新工程,36,1.0,1.0,6.0,3.5
尚新工程,44,0.55,0.09,0.36,1.73
尚新工程,45,0.86,0.71,5.36,3.5
尚新工程,55,1.0,0.64,5.45,5.68
尚新工程,66,0.85,1.05,6.7,6.35
德威精業,1,0.5,1.0,0.75,4.25
德威精業,2,1.0,0.0,0.0,3.5
德威精業,3,0.75,0.75,0.75,2.5
德威精業,5,1.5,0.5,9.5,8.0
德威精業,6,1.75,1.25,6.75,8.5
德威精業,7,0.33,1.33,3.67,1.33
德威精業,10,0.75,4.5,13.75,7.75
德威精業,11,0.33,0.0,9.67,3.67
德威精業,12,0.0,0.0,8.5,3.5
德威精業,13,2.0,1.33,2.0,1.33
德威精業,33,1.67,0.0,0.67,4.33
德威精業,55,2.33,0.67,2.33,2.0
德威精業,66,0.0,0.0,3.0,2.33
德親設計-進攻犯規,1,1.13,0.53,6.13,5.2
德親設計-進攻犯規,2,0.69,0.08,4.92,3.0
德親設計-進攻犯規,3,0.64,0.64,2.71,1.57
德親設計-進攻犯規,4,2.0,1.29,3.86,5.14
德親設計-進攻犯規,5,1.52,1.38,10.42,5.9
德親設計-進攻犯規,6,2.0,0.9,5.4,3.9
德親設計-進攻犯規,8,0.33,0.46,1.33,2.38
德親設計-進攻犯規,9,4.0,2.0,5.67,7.67
德親設計-進攻犯規,10,3.47,1.11,10.26,8.16
德親設計-進攻犯規,11,0.9,1.8,9.4,7.7
德親設計-進攻犯規,12,3.75,3.0,18.5,13.5
德親設計-進攻犯規,13,1.41,2.76,17.0,4.47
德親設計-進攻犯規,15,1.76,0.56,6.2,2.16
德親設計-進攻犯規,16,1.46,0.84,7.11,4.11
德親設計-進攻犯規,18,1.52,0.74,4.78,4.57
德親設計-進攻犯規,21,0.8,0.89,7.89,2.91
德親設計-進攻犯規,24,0.49,0.29,1.17,1.23
德親設計-進攻犯規,33,1.0,1.0,0.0,0.0
德親設計-進攻犯規,36,2.36,1.5,13.86,9.36
德親設計-進攻犯規,55,2.08,1.11,5.58,2.68
德親設計-進攻犯規,66,2.17,0.67,2.0,1.83
德親設計-進攻犯規,69,4.48,2.07,6.63,3.78
德親設計-進攻犯規,77,1.15,1.69,10.38,5.15
惡鯊籃團,8,0.67,0.0,3.33,5.0
惡鯊籃團,9,0.0,0.0,0.67,1.0
惡鯊籃團,10,1.0,0.0,9.33,5.67
惡鯊籃團,11,1.33,1.0,11.33,5.33
惡鯊籃團,12,1.5,1.0,14.0,4.0
惡鯊籃團,23,2.5,1.0,7.0,10.5
惡鯊籃團,25,0.67,0.33,1.33,1.67
惡鯊籃團,26,0.0,0.0,0.0,0.5
惡鯊籃團,28,3.0,2.33,22.67,6.67
惡鯊籃團,31,0.67,0.0,0.0,0.67
惡鯊籃團,53,0.0,0.0,0.0,0.0
惡鯊籃團,85,3.67,3.0,5.0,5.33
慶隆百貨,4,1.0,0.0,4.0,10.0
慶隆百貨,5,1.5,1.5,1.0,2.0
慶隆百貨,6,1.0,0.0,4.0,3.0
慶隆百貨,7,3.0,1.0,15.0,6.0
慶隆百貨,9,3.0,2.0,16.0,6.0
慶隆百貨,14,1.0,2.0,3.0,4.0
慶隆百貨,15,0.5,0.0,4.0,2.5
慶隆百貨,21,1.0,0.5,6.5,2.5
慶隆百貨,23,0.0,2.0,13.0,10.0
慶隆百貨,24,1.0,0.0,0.0,2.0
慶隆百貨,74,0.0,2.0,8.0,1.0
慶隆百貨,81,2.5,1.0,19.5,4.0
成吉思汗,0,3.4,2.0,1.8,3.0
成吉思汗,1,0.5,0.5,0.5,0.25
成吉思汗,2,2.25,1.75,11.75,3.75
成吉思汗,6,1.0,1.25,12.75,9.25
成吉思汗,7,0.67,0.0,1.33,1.67
成吉思汗,8,0.4,0.2,2.6,3.6
成吉思汗,10,0.5,1.0,10.75,8.0
成吉思汗,11,1.0,0.75,7.25,3.0
成吉思汗,12,0.5,1.0,6.5,0.5
成吉思汗,13,1.0,0.0,4.0,1.0
成吉思汗,14,1.5,5.0,14.0,6.5
成吉思汗,19,3.0,1.5,6.0,6.5
成吉思汗,22,2.0,0.0,8.0,4.0
成吉思汗,23,0.8,0.0,3.0,0.8
成吉思汗,31,4.67,0.67,4.0,8.33
成吉思汗,37,0.5,0.0,3.0,3.5
成吉思汗,97,2.75,2.75,4.0,2.0
把天賦帶到士林,1,2.0,1.0,9.0,0.0
把天賦帶到士林,3,1.75,1.0,6.0,3.0
把天賦帶到士林,5,0.82,0.73,1.64,0.73
把天賦帶到士林,6,5.0,5.0,27.0,6.0
把天賦帶到士林,7,3.38,3.62,14.25,4.5
把天賦帶到士林,8,0.3,0.8,3.5,2.9
把天賦帶到士林,9,1.0,2.09,8.91,4.36
把天賦帶到士林,11,0.22,0.44,3.11,3.89
把天賦帶到士林,12,1.57,1.21,11.64,4.21
把天賦帶到士林,14,0.0,1.0,19.0,4.0
把天賦帶到士林,15,0.0,2.0,2.0,5.0
把天賦帶到士林,17,1.82,1.64,9.36,10.27
把天賦帶到士林,20,0.0,0.5,5.5,4.5
把天賦帶到士林,27,1.43,1.0,4.71,3.71
把天賦帶到士林,28,0.0,0.0,2.0,3.0
把天賦帶到士林,35,2.2,3.3,12.8,8.8
把天賦帶到士林,36,0.82,0.73,2.91,4.09
把天賦帶到士林,99,1.0,3.0,18.0,2.0
汙,0,4.75,2.0,4.25,1.75
汙,1,0.0,0.0,18.0,6.0
汙,2,0.25,1.0,1.0,1.0
汙,3,0.25,0.75,8.75,3.75
汙,4,0.25,0.25,1.0,2.5
汙,5,0.33,1.0,0.67,0.67
汙,7,1.0,0.25,3.25,6.25
汙,9,0.75,0.75,3.0,10.25
汙,11,0.5,0.0,3.5,4.5
汙,12,1.5,2.0,6.0,1.5
汙,13,0.25,1.25,2.5,1.75
汙,16,2.33,1.67,15.67,1.67
汙,36,0.0,0.0,2.0,5.0
汙,56,0.25,0.25,0.75,2.25
汙,87,0.75,1.25,7.0,5.75
浪花兄弟,0,2.0,1.8,6.6,7.8
浪花兄弟,1,0.0,2.0,2.0,6.0
浪花兄弟,2,3.5,1.5,11.0,3.25
浪花兄弟,3,7.75,1.25,9.25,6.0
浪花兄弟,5,3.5,2.5,4.5,5.0
浪花兄弟,6,1.5,1.5,10.83,7.67
浪花兄弟,7,3.0,1.0,12.5,4.0
浪花兄弟,10,2.0,0.0,0.0,5.0
浪花兄弟,11,0.0,0.0,0.0,4.0
浪花兄弟,15,1.0,0.0,0.0,3.0
浪花兄弟,24,3.67,1.67,8.0,1.67
浪花兄弟,26,3.33,2.67,14.33,6.33
浪花兄弟,27,1.0,1.0,5.0,0.0
浪花兄弟,30,2.25,1.5,12.5,4.5
浪花兄弟,52,0.0,1.5,3.0,1.5
浪花兄弟,55,1.2,1.2,5.8,6.0
浪花兄弟,77,0.0,1.0,6.75,2.0
浪花兄弟,99,2.0,0.67,15.33,5.0
籃教頭,0,2.5,2.0,11.0,8.0
籃教頭,2,1.75,2.0,8.25,2.0
籃教頭,3,1.29,0.43,2.29,3.57
籃教頭,4,0.91,0.45,3.64,3.09
籃教頭,5,2.4,1.6,6.4,3.0
籃教頭,6,1.0,1.33,1.83,2.83
籃教頭,7,4.94,1.12,9.06,5.12
籃教頭,9,1.5,1.29,9.14,12.0
籃教頭,11,1.65,1.08,9.38,2.73
籃教頭,12,3.36,1.73,9.82,4.73
籃教頭,14,1.12,1.25,1.88,2.0
籃教頭,16,1.67,1.0,7.0,3.0
籃教頭,17,1.56,1.33,4.0,2.56
籃教頭,19,2.0,1.0,2.0,2.0
籃教頭,20,1.75,0.62,10.67,9.5
籃教頭,26,1.0,0.29,3.71,2.0
籃教頭,27,3.33,1.5,12.17,4.67
籃教頭,30,0.0,0.0,0.6,0.6
籃教頭,31,0.19,0.29,2.0,1.05
籃教頭,32,4.0,1.0,13.0,12.0
籃教頭,34,0.33,1.33,2.0,2.33
籃教頭,35,0.95,1.32,14.95,6.05
籃教頭,96,0.0,0.33,5.67,6.33
翰宇投資,1,1.45,0.91,9.91,2.36
翰宇投資,2,2.0,1.31,5.31,2.69
翰宇投資,3,1.0,1.5,5.3,1.9
翰宇投資,4,0.43,0.43,7.57,3.36
翰宇投資,5,0.2,0.8,0.4,1.2
翰宇投資,6,0.77,1.0,6.62,7.62
翰宇投資,7,0.36,0.36,0.64,1.55
翰宇投資,8,0.17,0.42,2.83,4.5
翰宇投資,9,1.0,1.71,7.86,5.86
翰宇投資,10,0.17,0.42,2.58,3.17
翰宇投資,11,0.23,1.0,2.23,3.38
翰宇投資,12,1.5,0.58,3.5,4.83
翰宇投資,14,0.0,1.0,0.0,1.0
翰宇投資,19,2.5,0.5,7.5,6.5
翰宇投資,21,0.0,0.0,2.0,8.0
翰宇投資,23,1.67,1.33,2.33,2.0
翰宇投資,25,0.27,0.27,3.09,3.09
翰宇投資,30,1.92,0.75,1.92,1.83
聖瑪莉,3,0.75,0.5,0.5,1.25
聖瑪莉,4,3.0,2.67,5.67,4.67
聖瑪莉,6,3.86,2.43,16.0,7.14
聖瑪莉,7,0.33,0.17,1.33,1.83
聖瑪莉,8,0.86,1.29,3.29,2.43
聖瑪莉,10,1.67,0.0,5.33,6.67
聖瑪莉,11,0.0,0.0,3.0,3.0
聖瑪莉,12,1.86,2.0,16.43,5.71
聖瑪莉,13,1.0,0.0,4.0,7.0
聖瑪莉,15,1.33,1.33,6.67,10.5
聖瑪莉,78,1.25,0.25,3.0,4.5
聖瑪莉,87,0.0,0.0,0.0,6.0
聖瑪莉,94,2.0,1.67,5.67,7.0
肉丸阿康,0,1.8,1.0,2.4,2.4
肉丸阿康,1,0.67,0.33,9.0,4.67
肉丸阿康,2,0.33,1.0,1.0,2.17
肉丸阿康,7,3.0,0.5,2.5,3.5
肉丸阿康,8,0.0,0.0,0.0,1.0
肉丸阿康,10,1.8,1.2,4.8,1.4
肉丸阿康,11,0.5,0.5,7.25,8.75
肉丸阿康,12,1.8,1.4,2.8,2.2
肉丸阿康,13,0.5,0.5,7.75,3.75
肉丸阿康,20,0.83,1.33,9.17,6.17
肉丸阿康,21,1.33,1.67,2.67,4.67
肉丸阿康,26,0.0,0.0,3.0,1.25
肉丸阿康,32,0.5,0.17,5.0,3.33
肉丸阿康,33,1.4,0.6,4.8,5.4
肉丸阿康,41,1.67,2.33,6.67,6.33
肉丸阿康,55,1.0,0.0,0.0,3.0
薇閣聯隊,1,4.0,0.0,2.0,1.0
薇閣聯隊,2,3.0,1.6,2.8,4.0
薇閣聯隊,3,1.2,1.0,5.2,4.4
薇閣聯隊,4,0.33,0.33,3.17,1.83
薇閣聯隊,8,1.33,1.33,8.0,2.67
薇閣聯隊,9,2.0,0.5,4.0,7.0
薇閣聯隊,11,4.0,2.0,8.0,9.0
薇閣聯隊,12,0.0,0.0,10.0,5.0
薇閣聯隊,13,4.0,2.0,23.0,6.0
薇閣聯隊,15,1.6,1.4,18.8,6.0
薇閣聯隊,19,0.8,0.4,2.4,3.6
薇閣聯隊,23,4.0,0.0,10.0,2.0
薇閣聯隊,24,0.0,1.0,0.0,2.0
薇閣聯隊,32,0.0,0.0,0.0,0.0
薇閣聯隊,81,1.67,1.17,6.83,6.17
金色狂瘋,0,0.0,0.0,0.0,0.0
金色狂瘋,1,0.83,1.38,6.55,6.17
金色狂瘋,2,1.56,1.22,5.11,6.44
金色狂瘋,3,1.84,0.95,3.6,2.44
金色狂瘋,5,1.0,0.0,5.0,5.0
金色狂瘋,6,3.4,2.17,10.89,4.26
金色狂瘋,7,0.0,0.0,2.0,4.0
金色狂瘋,8,2.39,0.94,9.61,4.0
金色狂瘋,9,1.96,0.7,2.74,4.22
金色狂瘋,10,0.88,1.02,2.98,1.83
金色狂瘋,11,2.08,2.15,19.15,6.77
金色狂瘋,12,0.5,1.0,14.5,5.0
金色狂瘋,13,1.24,1.48,3.4,5.44
金色狂瘋,16,0.0,1.0,2.0,1.0
金色狂瘋,17,0.0,0.0,0.0,4.0
金色狂瘋,18,1.5,1.75,5.5,5.0
金色狂瘋,19,0.83,1.21,12.75,11.46
金色狂瘋,21,0.0,1.0,11.0,8.0
金色狂瘋,23,0.0,2.5,7.0,6.5
金色狂瘋,24,0.25,1.25,4.25,3.25
金色狂瘋,25,2.0,1.5,6.0,3.0
金色狂瘋,28,0.67,0.9,1.81,4.86
金色狂瘋,30,1.21,1.21,5.0,2.86
金色狂瘋,33,2.73,1.8,17.17,7.03
金色狂瘋,34,0.67,0.33,5.67,4.67
金色狂瘋,38,0.0,1.0,8.0,6.0
金色狂瘋,88,1.38,0.9,11.0,6.33
金色狂瘋,91,2.0,0.0,0.0,3.0
鈦騰傘業,0,0.88,0.38,2.62,1.88
鈦騰傘業,2,1.0,0.62,4.12,2.38
鈦騰傘業,7,4.22,1.56,10.56,1.33
鈦騰傘業,8,1.86,0.71,10.71,2.71
鈦騰傘業,9,0.88,0.5,2.38,2.12
鈦騰傘業,10,0.86,0.43,0.86,3.43
鈦騰傘業,12,1.67,2.33,15.67,9.11
鈦騰傘業,30,3.33,1.67,13.33,1.67
鈦騰傘業,32,4.0,1.88,4.62,5.5
鈦騰傘業,33,0.88,0.38,3.88,2.62
鈦騰傘業,35,3.0,1.67,12.0,3.83
鈦騰傘業,47,1.14,1.57,14.71,7.0
鈦騰傘業,68,0.4,0.2,2.2,2.4
關渡勇士,0,2.0,1.0,3.0,1.5
關渡勇士,1,0.5,0.25,2.75,3.5
關渡勇士,3,0.75,1.5,7.5,6.25
關渡勇士,4,2.8,0.8,7.4,2.6
關渡勇士,5,3.0,1.6,20.6,4.4
關渡勇士,6,0.0,0.0,2.0,1.0
關渡勇士,7,1.0,1.0,10.0,5.0
關渡勇士,9,1.5,0.0,9.5,8.0
關渡勇士,10,0.0,1.33,1.67,3.67
關渡勇士,12,1.0,4.0,20.0,8.0
關渡勇士,13,0.75,0.75,4.75,6.0
關渡勇士,14,1.33,2.67,8.33,6.33
關渡勇士,15,0.5,0.5,4.0,8.5
關渡勇士,16,0.33,0.33,1.67,2.67
關渡勇士,24,1.0,2.0,4.0,0.0
關渡勇士,31,1.0,1.5,4.5,3.0
關渡勇士,32,2.0,2.0,8.0,6.33
關渡勇士,55,2.5,1.0,6.0,3.5
阿牛犬貓,0,1.35,2.55,17.25,4.45
阿牛犬貓,1,2.28,1.0,13.12,9.8
阿牛犬貓,2,1.14,0.59,1.14,2.14
阿牛犬貓,3,1.57,1.0,5.0,4.86
阿牛犬貓,5,1.46,0.89,6.29,7.29
阿牛犬貓,6,3.84,3.16,8.42,6.21
阿牛犬貓,7,1.64,0.73,7.73,5.27
阿牛犬貓,9,0.1,0.2,0.6,0.6
阿牛犬貓,10,0.0,0.33,0.67,2.67
阿牛犬貓,11,1.52,0.33,2.14,1.86
阿牛犬貓,13,2.0,1.37,14.04,3.44
阿牛犬貓,21,0.0,0.0,0.78,0.44
阿牛犬貓,23,2.0,1.08,6.17,8.92
阿牛犬貓,27,0.33,0.0,0.0,4.0
阿牛犬貓,32,0.33,0.0,4.67,4.33
阿牛犬貓,33,0.17,0.0,1.17,0.17
阿牛犬貓,34,3.92,1.31,5.46,4.31
阿牛犬貓,74,3.5,3.1,3.9,3.7
陽明牙醫,0,0.0,0.0,0.0,2.0
陽明牙醫,1,0.54,0.77,5.77,3.62
陽明牙醫,2,0.0,1.0,4.0,2.0
陽明牙醫,3,1.0,1.0,2.0,4.5
陽明牙醫,5,5.19,1.9,11.39,6.55
陽明牙醫,6,2.27,1.1,5.07,3.27
陽明牙醫,7,2.53,1.82,10.18,9.47
陽明牙醫,8,0.82,0.68,5.41,6.38
陽明牙醫,9,1.38,0.74,4.59,4.62
陽明牙醫,10,1.0,0.5,5.5,2.0
陽明牙醫,11,2.61,1.19,5.71,4.45
陽明牙醫,13,1.07,0.67,5.37,2.52
陽明牙醫,17,1.8,0.4,5.0,8.4
陽明牙醫,19,1.39,1.67,10.89,6.89
陽明牙醫,21,0.36,0.5,5.91,6.14
陽明牙醫,23,0.8,1.1,7.7,5.0
陽明牙醫,24,0.0,0.0,6.0,4.0
陽明牙醫,25,1.0,0.67,10.67,3.67
陽明牙醫,30,2.0,0.0,2.0,4.0
陽明牙醫,32,1.89,1.33,5.78,3.72
陽明牙醫,33,3.0,1.0,10.42,5.73
陽明牙醫,35,2.0,1.0,8.0,12.0
陽明牙醫,69,1.75,0.25,5.0,2.25
陽明牙醫,77,0.0,1.0,0.0,2.0
黃色小鴨,0,1.5,0.75,6.75,1.5
黃色小鴨,1,1.11,0.89,5.11,5.11
黃色小鴨,3,1.29,1.71,12.05,8.29
黃色小鴨,4,6.83,3.29,10.5,5.17
黃色小鴨,9,2.5,1.0,3.0,6.5
黃色小鴨,12,2.56,2.56,5.06,9.12
黃色小鴨,13,1.81,2.0,12.67,4.62
黃色小鴨,14,0.53,0.88,1.94,2.41
黃色小鴨,15,1.38,0.88,3.38,6.0
黃色小鴨,16,0.8,1.2,7.7,7.7
黃色小鴨,20,0.29,0.43,4.29,2.14
黃色小鴨,21,2.56,2.06,16.17,4.28
黃色小鴨,31,0.29,0.86,2.29,1.57
黃色小鴨,32,0.33,0.0,7.0,5.67
黃色小鴨,33,1.4,1.2,6.5,3.8
黃色小鴨,40,1.4,1.0,10.9,9.25
黃色小鴨,99,1.0,1.0,3.0,2.0
